title,year,director,genres
히티드 라이벌리 시즌 1,,제이컵 티어니,"스포츠, 퀴어"
힘내라! 나카무라 군!!,,우메키 아오이,BL 코미디
황천의 츠가이,,안도 마사히로,애니메이션
이세계 유유자적 농가,,쿠라야 료이치,애니메이션
성하체통: 체통 파괴 로맨스,,유해파,"로맨스, 무협"
시맨틱 에러,,김수정,"로맨틱 코미디, 드라마"
정반대의 너와 나,,나가토모 타카카즈,애니메이션
터무니없는 스킬로 이세계 방랑 밥,,마츠다 키요시,애니메이션
용사형에 처함,,타카시마 히로유키,애니메이션
연애기숙학교 돌싱N모솔,,김재훈,연애 리얼리티 예능
최종병기 앨리스,,이병헌,"학원, 액션"
전생했더니 슬라임이었던 건에 대하여,,키쿠치 야스히토,애니메이션
21세기 대군부인,,박준화,"대체역사, 로맨틱 코미디"
은밀한 감사,,이수현,"로맨틱 코미디, 오피스"
첫 번째 남자,,장재훈,"범죄, 드라마"
나 혼자 산다,,허항,관찰 버라이어티
놀면 뭐하니?,,김태호,리얼 버라이어티
탐정들의 영업비밀,,배한수,"토크쇼, 범죄 시리즈"
붉은 진주,,김성근,"가족, 스릴러"
오은영 리포트-결혼 지옥,,,교양
전지적 참견 시점,,김윤집,관찰 예능
소라와 진경,,강성아,예능
1박2일 시즌4,,이정규,리얼 버라이어티
조선의 사랑꾼,,이승훈,"예능, 로맨스"
히든아이,,황성규,교양
사랑을 처방해 드립니다,,한준서,"로맨틱 코미디, 가족"
냉장고를 부탁해 since2014,,이린하,"예능, 쿡방"
리버스,,임건중,"미스터리, 복수"
베팅 온 팩트,,김민종,"토론, 게임쇼"
기쁜 우리 좋은 날,,이재상,"가족, 로맨스"
용감한 형사들 5,,이지선,예능
악마가 말한다 박왕열,,,범죄 다큐멘터리
SNL KOREA,,안상휘,"스케치 코미디, 스탠드업 코미디"
닥터신,,이승훈,"SF, 다크 판타지"
나는 SOLO,,남규홍,"짝짓기 예능, 로맨스"
"나는 SOLO, 그 후 사랑은 계속된다",,남규홍,"짝짓기 예능, 로맨스"
로맨스의 절대값,,이언희,"하이틴, 코미디"
무한도전,,김태호,예능
유포리아,,샘 레빈슨,"하이틴, 드라마"
투 브로크 걸즈,,프레드 세비지,시트콤
프렌즈,,박철환,시트콤
강호동네서점,,,토크쇼
왕좌의 게임,,앨런 테일러,"다크 판타지, 전쟁"
허수아비,2026,폴 그리모(Paul Grimault),"범죄, 스릴러"
은밀한 감사,2026,이수현,"로맨틱 코미디, 오피스"
선재 업고 튀어,2024,윤종호,"타임슬립, 판타지"
하트시그널5,2026,박철환,짝짓기 예능
유미의 세포들 시즌 3,2026,이상엽,로맨스
구기동 프렌즈,2026,박현주,리얼리티
꽃보다 청춘 : 리미티드 에디션,2026,나영석,여행
내 새끼의 연애2,2026,박현석,"연애 예능, 관찰 예능"
유미의 세포들 시즌 2,2022,송재정,"로맨스, 일상물"
입청운,2025,즈주,"로맨스, 판타지"
유미의 세포들 시즌 1,2021,이상엽,"로맨스, 드라마"
